run_id,workload,mode,backend,backend_commit,dtype,batch_size,candidate_count,dimension,indexer_heads,k,seed,stage,graph_mode,timing_method,status,error,n_samples,warmup,group_size,median_us,mean_us,min_us,p95_us,p99_us,stdev_us,iqr_us,cv,host_median_us,topk_sorted,throughput_qps,peak_allocated_bytes,peak_reserved_bytes,setup_us,steps,block_kv,config_id
dsablock-full,dsa_block,block_fixed_context,deepgemm_fp8_paged_mqa+flashmla_fp8_sparse_decode,78b69000794d0937b47ae3387eff7663410264d1|ba89a3466e9470ad08ab39738d4e7bb66989e1e7,fp8_e4m3,1,8192,128,64,2048,0,indexer_score,eager,cuda_event_grouped_3,ok,,100,20,3,17.6587,17.8803,17.216,20.1931,20.9004,0.791449,0.434666,0.0442637,,0,56629.4,10042880,96468992,,,64,dsa_block|B1|N8192
dsablock-full,dsa_block,block_fixed_context,deepgemm_fp8_paged_mqa+flashmla_fp8_sparse_decode,78b69000794d0937b47ae3387eff7663410264d1|ba89a3466e9470ad08ab39738d4e7bb66989e1e7,fp8_e4m3,1,8192,128,64,2048,0,indexer_select,eager,cuda_event_per_iter,ok,,100,20,1,56.688,56.8682,56.224,57.104,60.1443,0.987875,0.232002,0.0173713,,0,17640.4,10033664,96468992,,,64,dsa_block|B1|N8192
dsablock-full,dsa_block,block_fixed_context,deepgemm_fp8_paged_mqa+flashmla_fp8_sparse_decode,78b69000794d0937b47ae3387eff7663410264d1|ba89a3466e9470ad08ab39738d4e7bb66989e1e7,fp8_e4m3,1,8192,128,64,2048,0,index_map,eager,cuda_event_grouped_2,ok,,100,20,2,31.68,31.911,30.272,34.4032,35.1736,1.13503,1.296,0.0355687,,0,31565.7,10017280,96468992,,,64,dsa_block|B1|N8192
dsablock-full,dsa_block,block_fixed_context,deepgemm_fp8_paged_mqa+flashmla_fp8_sparse_decode,78b69000794d0937b47ae3387eff7663410264d1|ba89a3466e9470ad08ab39738d4e7bb66989e1e7,fp8_e4m3,1,8192,128,64,2048,0,sparse_mla_attend,eager,cuda_event_grouped_3,ok,,100,20,3,22.6507,22.7152,22.4853,22.8704,23.3458,0.468106,0.0986649,0.0206076,,0,44148.8,25683968,96468992,,,64,dsa_block|B1|N8192
dsablock-full,dsa_block,block_fixed_context,deepgemm_fp8_paged_mqa+flashmla_fp8_sparse_decode,78b69000794d0937b47ae3387eff7663410264d1|ba89a3466e9470ad08ab39738d4e7bb66989e1e7,fp8_e4m3,1,8192,128,64,2048,0,dsa_block,eager,cuda_event_per_iter,ok,,100,20,1,119.824,121.009,117.376,126.992,136.922,3.88355,2.512,0.0320931,,0,8345.57,25741312,96468992,2.0512e+06,,64,dsa_block|B1|N8192
dsablock-full,dsa_block,block_fixed_context,deepgemm_fp8_paged_mqa+flashmla_fp8_sparse_decode,78b69000794d0937b47ae3387eff7663410264d1|ba89a3466e9470ad08ab39738d4e7bb66989e1e7,fp8_e4m3,1,8192,128,64,2048,0,indexer_score,cudagraph,cuda_event_grouped_7,ok,,100,20,7,7.60457,7.6176,7.54286,7.67154,7.77038,0.0640935,0.0502861,0.00841388,,0,131500,10010112,48234496,,,64,dsa_block|B1|N8192
dsablock-full,dsa_block,block_fixed_context,deepgemm_fp8_paged_mqa+flashmla_fp8_sparse_decode,78b69000794d0937b47ae3387eff7663410264d1|ba89a3466e9470ad08ab39738d4e7bb66989e1e7,fp8_e4m3,1,8192,128,64,2048,0,indexer_select,cudagraph,cuda_event_per_iter,ok,,100,20,1,52.736,52.7645,52.384,53.12,53.5408,0.230661,0.192001,0.00437152,,0,18962.4,10010112,50331648,,,64,dsa_block|B1|N8192
dsablock-full,dsa_block,block_fixed_context,deepgemm_fp8_paged_mqa+flashmla_fp8_sparse_decode,78b69000794d0937b47ae3387eff7663410264d1|ba89a3466e9470ad08ab39738d4e7bb66989e1e7,fp8_e4m3,1,8192,128,64,2048,0,index_map,cudagraph,cuda_event_grouped_14,ok,,100,20,14,3.15657,4.17141,3.07657,3.35109,4.75374,9.85963,0.0502858,2.36362,,0,316799,10010112,50331648,,,64,dsa_block|B1|N8192
dsablock-full,dsa_block,block_fixed_context,deepgemm_fp8_paged_mqa+flashmla_fp8_sparse_decode,78b69000794d0937b47ae3387eff7663410264d1|ba89a3466e9470ad08ab39738d4e7bb66989e1e7,fp8_e4m3,1,8192,128,64,2048,0,sparse_mla_attend,cudagraph,cuda_event_grouped_3,ok,,100,20,3,20.3787,20.395,20.2347,20.4912,20.8608,0.144391,0.0960007,0.00707974,,0,49070.9,10010112,67108864,,,64,dsa_block|B1|N8192
dsablock-full,dsa_block,block_fixed_context,deepgemm_fp8_paged_mqa+flashmla_fp8_sparse_decode,78b69000794d0937b47ae3387eff7663410264d1|ba89a3466e9470ad08ab39738d4e7bb66989e1e7,fp8_e4m3,1,8192,128,64,2048,0,dsa_block,cudagraph,cuda_event_per_iter,ok,,100,20,1,81.536,81.7651,75.488,86.9488,88.663,3.1943,4.48,0.0390667,,0,12264.5,10010112,83886080,2.0512e+06,,64,dsa_block|B1|N8192
dsablock-full,dsa_block,block_fixed_context,deepgemm_fp8_paged_mqa+flashmla_fp8_sparse_decode,78b69000794d0937b47ae3387eff7663410264d1|ba89a3466e9470ad08ab39738d4e7bb66989e1e7,fp8_e4m3,1,16384,128,64,2048,0,indexer_score,eager,cuda_event_grouped_3,ok,,100,20,3,17.7493,17.8348,17.4507,18.2192,20.2387,0.434383,0.176,0.0243559,,0,56340.1,17730048,75497472,,,64,dsa_block|B1|N16384
dsablock-full,dsa_block,block_fixed_context,deepgemm_fp8_paged_mqa+flashmla_fp8_sparse_decode,78b69000794d0937b47ae3387eff7663410264d1|ba89a3466e9470ad08ab39738d4e7bb66989e1e7,fp8_e4m3,1,16384,128,64,2048,0,indexer_select,eager,cuda_event_per_iter,ok,,100,20,1,94.88,94.9642,94.368,95.2656,97.0448,0.556987,0.288002,0.00586523,,0,10539.6,17688064,75497472,,,64,dsa_block|B1|N16384
dsablock-full,dsa_block,block_fixed_context,deepgemm_fp8_paged_mqa+flashmla_fp8_sparse_decode,78b69000794d0937b47ae3387eff7663410264d1|ba89a3466e9470ad08ab39738d4e7bb66989e1e7,fp8_e4m3,1,16384,128,64,2048,0,index_map,eager,cuda_event_grouped_2,ok,,100,20,2,31.712,31.8115,30.384,33.54,35.0885,0.907814,0.827999,0.0285373,,0,31533.8,17671680,75497472,,,64,dsa_block|B1|N16384
dsablock-full,dsa_block,block_fixed_context,deepgemm_fp8_paged_mqa+flashmla_fp8_sparse_decode,78b69000794d0937b47ae3387eff7663410264d1|ba89a3466e9470ad08ab39738d4e7bb66989e1e7,fp8_e4m3,1,16384,128,64,2048,0,sparse_mla_attend,eager,cuda_event_grouped_3,ok,,100,20,3,22.6453,22.6764,22.4533,22.7451,23.8151,0.256332,0.0959982,0.0113039,,0,44159.2,33029120,75497472,,,64,dsa_block|B1|N16384
dsablock-full,dsa_block,block_fixed_context,deepgemm_fp8_paged_mqa+flashmla_fp8_sparse_decode,78b69000794d0937b47ae3387eff7663410264d1|ba89a3466e9470ad08ab39738d4e7bb66989e1e7,fp8_e4m3,1,16384,128,64,2048,0,dsa_block,eager,cuda_event_per_iter,ok,,100,20,1,147.472,147.906,134.24,160.194,167.661,7.40281,9.92,0.0500509,,0,6780.95,33119232,75497472,218209,,64,dsa_block|B1|N16384
dsablock-full,dsa_block,block_fixed_context,deepgemm_fp8_paged_mqa+flashmla_fp8_sparse_decode,78b69000794d0937b47ae3387eff7663410264d1|ba89a3466e9470ad08ab39738d4e7bb66989e1e7,fp8_e4m3,1,16384,128,64,2048,0,indexer_score,cudagraph,cuda_event_grouped_7,ok,,100,20,7,7.55886,7.56325,7.48343,7.6208,7.68562,0.0397277,0.0331431,0.00525273,,0,132295,17664512,27262976,,,64,dsa_block|B1|N16384
dsablock-full,dsa_block,block_fixed_context,deepgemm_fp8_paged_mqa+flashmla_fp8_sparse_decode,78b69000794d0937b47ae3387eff7663410264d1|ba89a3466e9470ad08ab39738d4e7bb66989e1e7,fp8_e4m3,1,16384,128,64,2048,0,indexer_select,cudagraph,cuda_event_per_iter,ok,,100,20,1,90.528,90.5235,90.112,90.752,90.8506,0.156767,0.191994,0.00173178,,0,11046.3,17664512,29360128,,,64,dsa_block|B1|N16384
dsablock-full,dsa_block,block_fixed_context,deepgemm_fp8_paged_mqa+flashmla_fp8_sparse_decode,78b69000794d0937b47ae3387eff7663410264d1|ba89a3466e9470ad08ab39738d4e7bb66989e1e7,fp8_e4m3,1,16384,128,64,2048,0,index_map,cudagraph,cuda_event_grouped_14,ok,,100,20,14,3.14857,3.16505,3.07886,3.24617,3.77621,0.0965969,0.0302857,0.0305199,,0,317604,17664512,29360128,,,64,dsa_block|B1|N16384
dsablock-full,dsa_block,block_fixed_context,deepgemm_fp8_paged_mqa+flashmla_fp8_sparse_decode,78b69000794d0937b47ae3387eff7663410264d1|ba89a3466e9470ad08ab39738d4e7bb66989e1e7,fp8_e4m3,1,16384,128,64,2048,0,sparse_mla_attend,cudagraph,cuda_event_grouped_3,ok,,100,20,3,20.576,20.6204,20.416,20.712,21.3474,0.245063,0.0959995,0.0118845,,0,48600.3,17664512,46137344,,,64,dsa_block|B1|N16384
dsablock-full,dsa_block,block_fixed_context,deepgemm_fp8_paged_mqa+flashmla_fp8_sparse_decode,78b69000794d0937b47ae3387eff7663410264d1|ba89a3466e9470ad08ab39738d4e7bb66989e1e7,fp8_e4m3,1,16384,128,64,2048,0,dsa_block,cudagraph,cuda_event_per_iter,ok,,100,20,1,120.592,121.124,106.304,131.253,136.085,7.07226,9.984,0.0583888,,0,8292.42,17664512,62914560,218209,,64,dsa_block|B1|N16384
dsablock-full,dsa_block,block_fixed_context,deepgemm_fp8_paged_mqa+flashmla_fp8_sparse_decode,78b69000794d0937b47ae3387eff7663410264d1|ba89a3466e9470ad08ab39738d4e7bb66989e1e7,fp8_e4m3,1,32768,128,64,2048,0,indexer_score,eager,cuda_event_grouped_3,ok,,100,20,3,17.9627,18.0863,17.728,18.9989,19.7653,0.512857,0.162667,0.0283561,,0,55671,33104384,98566144,,,64,dsa_block|B1|N32768
dsablock-full,dsa_block,block_fixed_context,deepgemm_fp8_paged_mqa+flashmla_fp8_sparse_decode,78b69000794d0937b47ae3387eff7663410264d1|ba89a3466e9470ad08ab39738d4e7bb66989e1e7,fp8_e4m3,1,32768,128,64,2048,0,indexer_select,eager,cuda_event_per_iter,ok,,100,20,1,74.112,74.3261,73.344,75.744,78.3232,0.976067,0.488004,0.0131322,,0,13493.1,33018368,98566144,,,64,dsa_block|B1|N32768
dsablock-full,dsa_block,block_fixed_context,deepgemm_fp8_paged_mqa+flashmla_fp8_sparse_decode,78b69000794d0937b47ae3387eff7663410264d1|ba89a3466e9470ad08ab39738d4e7bb66989e1e7,fp8_e4m3,1,32768,128,64,2048,0,index_map,eager,cuda_event_grouped_2,ok,,100,20,2,31.536,31.6445,30.016,33.2912,35.6992,1.0662,1.304,0.0336932,,0,31709.8,32980480,98566144,,,64,dsa_block|B1|N32768
dsablock-full,dsa_block,block_fixed_context,deepgemm_fp8_paged_mqa+flashmla_fp8_sparse_decode,78b69000794d0937b47ae3387eff7663410264d1|ba89a3466e9470ad08ab39738d4e7bb66989e1e7,fp8_e4m3,1,32768,128,64,2048,0,sparse_mla_attend,eager,cuda_event_grouped_3,ok,,100,20,3,22.6987,22.703,22.5173,22.8176,23.2004,0.105748,0.0986649,0.00465787,,0,44055.5,48337920,98566144,,,64,dsa_block|B1|N32768
dsablock-full,dsa_block,block_fixed_context,deepgemm_fp8_paged_mqa+flashmla_fp8_sparse_decode,78b69000794d0937b47ae3387eff7663410264d1|ba89a3466e9470ad08ab39738d4e7bb66989e1e7,fp8_e4m3,1,32768,128,64,2048,0,dsa_block,eager,cuda_event_per_iter,ok,,100,20,1,168.016,169.576,165.792,176.469,189.366,5.04712,3.608,0.0297632,,0,5951.81,48493568,98566144,210064,,64,dsa_block|B1|N32768
dsablock-full,dsa_block,block_fixed_context,deepgemm_fp8_paged_mqa+flashmla_fp8_sparse_decode,78b69000794d0937b47ae3387eff7663410264d1|ba89a3466e9470ad08ab39738d4e7bb66989e1e7,fp8_e4m3,1,32768,128,64,2048,0,indexer_score,cudagraph,cuda_event_grouped_6,ok,,100,20,6,8.41067,8.42736,8.30933,8.4696,9.02896,0.131098,0.0440003,0.0155562,,0,118897,32973312,50331648,,,64,dsa_block|B1|N32768
dsablock-full,dsa_block,block_fixed_context,deepgemm_fp8_paged_mqa+flashmla_fp8_sparse_decode,78b69000794d0937b47ae3387eff7663410264d1|ba89a3466e9470ad08ab39738d4e7bb66989e1e7,fp8_e4m3,1,32768,128,64,2048,0,indexer_select,cudagraph,cuda_event_grouped_2,ok,,100,20,2,49.296,49.327,49.04,49.4752,49.6266,0.312765,0.128001,0.00634065,,0,20285.6,32973312,52428800,,,64,dsa_block|B1|N32768
dsablock-full,dsa_block,block_fixed_context,deepgemm_fp8_paged_mqa+flashmla_fp8_sparse_decode,78b69000794d0937b47ae3387eff7663410264d1|ba89a3466e9470ad08ab39738d4e7bb66989e1e7,fp8_e4m3,1,32768,128,64,2048,0,index_map,cudagraph,cuda_event_grouped_14,ok,,100,20,14,3.14971,3.17216,3.10857,3.30743,3.5571,0.112159,0.0274285,0.0353573,,0,317489,32973312,52428800,,,64,dsa_block|B1|N32768
dsablock-full,dsa_block,block_fixed_context,deepgemm_fp8_paged_mqa+flashmla_fp8_sparse_decode,78b69000794d0937b47ae3387eff7663410264d1|ba89a3466e9470ad08ab39738d4e7bb66989e1e7,fp8_e4m3,1,32768,128,64,2048,0,sparse_mla_attend,cudagraph,cuda_event_grouped_3,ok,,100,20,3,20.5227,20.5202,20.3413,20.6085,20.6641,0.0690424,0.0746672,0.0033646,,0,48726.6,32973312,69206016,,,64,dsa_block|B1|N32768
dsablock-full,dsa_block,block_fixed_context,deepgemm_fp8_paged_mqa+flashmla_fp8_sparse_decode,78b69000794d0937b47ae3387eff7663410264d1|ba89a3466e9470ad08ab39738d4e7bb66989e1e7,fp8_e4m3,1,32768,128,64,2048,0,dsa_block,cudagraph,cuda_event_per_iter,ok,,100,20,1,83.424,83.5213,82.72,84.064,84.7098,0.876142,0.384003,0.01049,,0,11987,32973312,85983232,210064,,64,dsa_block|B1|N32768
dsablock-full,dsa_block,block_fixed_context,deepgemm_fp8_paged_mqa+flashmla_fp8_sparse_decode,78b69000794d0937b47ae3387eff7663410264d1|ba89a3466e9470ad08ab39738d4e7bb66989e1e7,fp8_e4m3,1,65536,128,64,2048,0,indexer_score,eager,cuda_event_grouped_3,ok,,100,20,3,18.1973,18.2883,17.9733,19.2773,19.6144,0.373309,0.194667,0.0204124,,0,54953.1,64229888,148897792,,,64,dsa_block|B1|N65536
dsablock-full,dsa_block,block_fixed_context,deepgemm_fp8_paged_mqa+flashmla_fp8_sparse_decode,78b69000794d0937b47ae3387eff7663410264d1|ba89a3466e9470ad08ab39738d4e7bb66989e1e7,fp8_e4m3,1,65536,128,64,2048,0,indexer_select,eager,cuda_event_per_iter,ok,,100,20,1,77.936,78.0563,77.184,79.04,80.7757,0.626238,0.639997,0.00802289,,0,12831,64029184,148897792,,,64,dsa_block|B1|N65536
dsablock-full,dsa_block,block_fixed_context,deepgemm_fp8_paged_mqa+flashmla_fp8_sparse_decode,78b69000794d0937b47ae3387eff7663410264d1|ba89a3466e9470ad08ab39738d4e7bb66989e1e7,fp8_e4m3,1,65536,128,64,2048,0,index_map,eager,cuda_event_grouped_2,ok,,100,20,2,31.312,31.4976,29.456,33.2168,34.8019,1.02656,0.972,0.0325917,,0,31936.6,63974912,148897792,,,64,dsa_block|B1|N65536
dsablock-full,dsa_block,block_fixed_context,deepgemm_fp8_paged_mqa+flashmla_fp8_sparse_decode,78b69000794d0937b47ae3387eff7663410264d1|ba89a3466e9470ad08ab39738d4e7bb66989e1e7,fp8_e4m3,1,65536,128,64,2048,0,sparse_mla_attend,eager,cuda_event_grouped_3,ok,,100,20,3,22.7947,22.7795,22.4107,22.9552,23.5853,0.182733,0.162668,0.00802181,,0,43869.9,79332352,148897792,,,64,dsa_block|B1|N65536
dsablock-full,dsa_block,block_fixed_context,deepgemm_fp8_paged_mqa+flashmla_fp8_sparse_decode,78b69000794d0937b47ae3387eff7663410264d1|ba89a3466e9470ad08ab39738d4e7bb66989e1e7,fp8_e4m3,1,65536,128,64,2048,0,dsa_block,eager,cuda_event_per_iter,ok,,100,20,1,169.552,171.185,166.528,177.555,187.217,5.62765,3.984,0.0328747,,0,5897.9,79619072,148897792,211662,,64,dsa_block|B1|N65536
dsablock-full,dsa_block,block_fixed_context,deepgemm_fp8_paged_mqa+flashmla_fp8_sparse_decode,78b69000794d0937b47ae3387eff7663410264d1|ba89a3466e9470ad08ab39738d4e7bb66989e1e7,fp8_e4m3,1,65536,128,64,2048,0,indexer_score,cudagraph,cuda_event_grouped_6,ok,,100,20,6,8.94933,8.95008,8.82667,9.0296,9.11109,0.0564835,0.0533331,0.00631094,,0,111740,63967744,100663296,,,64,dsa_block|B1|N65536
dsablock-full,dsa_block,block_fixed_context,deepgemm_fp8_paged_mqa+flashmla_fp8_sparse_decode,78b69000794d0937b47ae3387eff7663410264d1|ba89a3466e9470ad08ab39738d4e7bb66989e1e7,fp8_e4m3,1,65536,128,64,2048,0,indexer_select,cudagraph,cuda_event_per_iter,ok,,100,20,1,54.224,54.2934,53.792,54.6928,55.5763,0.440528,0.224002,0.00811383,,0,18442,63967744,102760448,,,64,dsa_block|B1|N65536
dsablock-full,dsa_block,block_fixed_context,deepgemm_fp8_paged_mqa+flashmla_fp8_sparse_decode,78b69000794d0937b47ae3387eff7663410264d1|ba89a3466e9470ad08ab39738d4e7bb66989e1e7,fp8_e4m3,1,65536,128,64,2048,0,index_map,cudagraph,cuda_event_grouped_14,ok,,100,20,14,3.16686,3.1877,3.11543,3.42891,3.58978,0.0912696,0.0279999,0.0286318,,0,315770,63967744,102760448,,,64,dsa_block|B1|N65536
dsablock-full,dsa_block,block_fixed_context,deepgemm_fp8_paged_mqa+flashmla_fp8_sparse_decode,78b69000794d0937b47ae3387eff7663410264d1|ba89a3466e9470ad08ab39738d4e7bb66989e1e7,fp8_e4m3,1,65536,128,64,2048,0,sparse_mla_attend,cudagraph,cuda_event_grouped_3,ok,,100,20,3,20.5867,20.6004,20.4587,20.7163,20.7697,0.0738744,0.0746672,0.00358606,,0,48575.1,63967744,119537664,,,64,dsa_block|B1|N65536
dsablock-full,dsa_block,block_fixed_context,deepgemm_fp8_paged_mqa+flashmla_fp8_sparse_decode,78b69000794d0937b47ae3387eff7663410264d1|ba89a3466e9470ad08ab39738d4e7bb66989e1e7,fp8_e4m3,1,65536,128,64,2048,0,dsa_block,cudagraph,cuda_event_per_iter,ok,,100,20,1,87.456,87.5402,86.016,87.9712,88.7251,0.730826,0.359995,0.00834847,,0,11434.3,63967744,136314880,211662,,64,dsa_block|B1|N65536
dsablock-full,dsa_block,block_fixed_context,deepgemm_fp8_paged_mqa+flashmla_fp8_sparse_decode,78b69000794d0937b47ae3387eff7663410264d1|ba89a3466e9470ad08ab39738d4e7bb66989e1e7,fp8_e4m3,1,131072,128,64,2048,0,indexer_score,eager,cuda_event_grouped_3,ok,,100,20,3,24.736,25.1806,24.3627,27.3525,30.3489,1.33941,0.266666,0.0531923,,0,40426.9,126104064,190840832,,,64,dsa_block|B1|N131072
dsablock-full,dsa_block,block_fixed_context,deepgemm_fp8_paged_mqa+flashmla_fp8_sparse_decode,78b69000794d0937b47ae3387eff7663410264d1|ba89a3466e9470ad08ab39738d4e7bb66989e1e7,fp8_e4m3,1,131072,128,64,2048,0,indexer_select,eager,cuda_event_per_iter,ok,,100,20,1,90.112,91.1805,88.864,100.171,105.46,3.46722,0.863999,0.0380259,,0,11097.3,125673984,190840832,,,64,dsa_block|B1|N131072
dsablock-full,dsa_block,block_fixed_context,deepgemm_fp8_paged_mqa+flashmla_fp8_sparse_decode,78b69000794d0937b47ae3387eff7663410264d1|ba89a3466e9470ad08ab39738d4e7bb66989e1e7,fp8_e4m3,1,131072,128,64,2048,0,index_map,eager,cuda_event_grouped_2,ok,,100,20,2,44.44,44.796,41.968,48.6888,50.2789,1.67595,1.704,0.0374129,,0,22502.3,125586944,190840832,,,64,dsa_block|B1|N131072
dsablock-full,dsa_block,block_fixed_context,deepgemm_fp8_paged_mqa+flashmla_fp8_sparse_decode,78b69000794d0937b47ae3387eff7663410264d1|ba89a3466e9470ad08ab39738d4e7bb66989e1e7,fp8_e4m3,1,131072,128,64,2048,0,sparse_mla_attend,eager,cuda_event_grouped_3,ok,,100,20,3,23.6107,23.6448,23.3387,23.8741,24.4427,0.201164,0.149332,0.00850774,,0,42353.7,140944384,190840832,,,64,dsa_block|B1|N131072
dsablock-full,dsa_block,block_fixed_context,deepgemm_fp8_paged_mqa+flashmla_fp8_sparse_decode,78b69000794d0937b47ae3387eff7663410264d1|ba89a3466e9470ad08ab39738d4e7bb66989e1e7,fp8_e4m3,1,131072,128,64,2048,0,dsa_block,eager,cuda_event_per_iter,ok,,100,20,1,185.36,187.364,166.56,199.928,207.424,7.33491,9.97599,0.0391479,,0,5394.91,141493248,190840832,52980.6,,64,dsa_block|B1|N131072
dsablock-full,dsa_block,block_fixed_context,deepgemm_fp8_paged_mqa+flashmla_fp8_sparse_decode,78b69000794d0937b47ae3387eff7663410264d1|ba89a3466e9470ad08ab39738d4e7bb66989e1e7,fp8_e4m3,1,131072,128,64,2048,0,indexer_score,cudagraph,cuda_event_grouped_5,ok,,100,20,5,10.4256,10.4267,10.2912,10.503,10.8352,0.0747362,0.0639997,0.00716778,,0,95917.7,125579776,195035136,,,64,dsa_block|B1|N131072
dsablock-full,dsa_block,block_fixed_context,deepgemm_fp8_paged_mqa+flashmla_fp8_sparse_decode,78b69000794d0937b47ae3387eff7663410264d1|ba89a3466e9470ad08ab39738d4e7bb66989e1e7,fp8_e4m3,1,131072,128,64,2048,0,indexer_select,cudagraph,cuda_event_per_iter,ok,,100,20,1,60.704,60.7536,59.84,61.312,61.321,0.36887,0.544,0.00607158,,0,16473.4,125579776,197132288,,,64,dsa_block|B1|N131072
dsablock-full,dsa_block,block_fixed_context,deepgemm_fp8_paged_mqa+flashmla_fp8_sparse_decode,78b69000794d0937b47ae3387eff7663410264d1|ba89a3466e9470ad08ab39738d4e7bb66989e1e7,fp8_e4m3,1,131072,128,64,2048,0,index_map,cudagraph,cuda_event_grouped_13,ok,,100,20,13,3.18523,3.21287,3.12123,3.36997,3.81903,0.131002,0.0350769,0.0407742,,0,313949,125579776,197132288,,,64,dsa_block|B1|N131072
dsablock-full,dsa_block,block_fixed_context,deepgemm_fp8_paged_mqa+flashmla_fp8_sparse_decode,78b69000794d0937b47ae3387eff7663410264d1|ba89a3466e9470ad08ab39738d4e7bb66989e1e7,fp8_e4m3,1,131072,128,64,2048,0,sparse_mla_attend,cudagraph,cuda_event_grouped_3,ok,,100,20,3,20.2987,20.3151,20.1813,20.4176,20.5173,0.0971769,0.0799994,0.00478348,,0,49264.3,125579776,213909504,,,64,dsa_block|B1|N131072
dsablock-full,dsa_block,block_fixed_context,deepgemm_fp8_paged_mqa+flashmla_fp8_sparse_decode,78b69000794d0937b47ae3387eff7663410264d1|ba89a3466e9470ad08ab39738d4e7bb66989e1e7,fp8_e4m3,1,131072,128,64,2048,0,dsa_block,cudagraph,cuda_event_per_iter,ok,,100,20,1,95.424,95.4627,94.368,96,96.0986,0.276147,0.271995,0.00289273,,0,10479.5,125579776,230686720,52980.6,,64,dsa_block|B1|N131072
dsablock-full,dsa_block,block_fixed_context,deepgemm_fp8_paged_mqa+flashmla_fp8_sparse_decode,78b69000794d0937b47ae3387eff7663410264d1|ba89a3466e9470ad08ab39738d4e7bb66989e1e7,fp8_e4m3,8,8192,128,64,2048,0,indexer_score,eager,cuda_event_grouped_3,ok,,100,20,3,18.176,18.4337,17.8667,19.6491,22.4613,1.00356,0.181333,0.0544417,,0,440141,80689152,171966464,,,64,dsa_block|B8|N8192
dsablock-full,dsa_block,block_fixed_context,deepgemm_fp8_paged_mqa+flashmla_fp8_sparse_decode,78b69000794d0937b47ae3387eff7663410264d1|ba89a3466e9470ad08ab39738d4e7bb66989e1e7,fp8_e4m3,8,8192,128,64,2048,0,indexer_select,eager,cuda_event_per_iter,ok,,100,20,1,58.848,58.9133,58.432,59.3344,60.3539,0.33401,0.263998,0.00566952,,0,135943,80622592,171966464,,,64,dsa_block|B8|N8192
dsablock-full,dsa_block,block_fixed_context,deepgemm_fp8_paged_mqa+flashmla_fp8_sparse_decode,78b69000794d0937b47ae3387eff7663410264d1|ba89a3466e9470ad08ab39738d4e7bb66989e1e7,fp8_e4m3,8,8192,128,64,2048,0,index_map,eager,cuda_event_grouped_2,ok,,100,20,2,31.608,31.7541,29.312,33.2256,35.8176,1.15383,1.04,0.0363363,,0,253100,80491520,171966464,,,64,dsa_block|B8|N8192
dsablock-full,dsa_block,block_fixed_context,deepgemm_fp8_paged_mqa+flashmla_fp8_sparse_decode,78b69000794d0937b47ae3387eff7663410264d1|ba89a3466e9470ad08ab39738d4e7bb66989e1e7,fp8_e4m3,8,8192,128,64,2048,0,sparse_mla_attend,eager,cuda_event_grouped_2,ok,,100,20,2,34.288,34.3362,33.936,34.5448,34.8419,0.343738,0.180001,0.010011,,0,233318,98551296,171966464,,,64,dsa_block|B8|N8192
dsablock-full,dsa_block,block_fixed_context,deepgemm_fp8_paged_mqa+flashmla_fp8_sparse_decode,78b69000794d0937b47ae3387eff7663410264d1|ba89a3466e9470ad08ab39738d4e7bb66989e1e7,fp8_e4m3,8,8192,128,64,2048,0,dsa_block,eager,cuda_event_per_iter,ok,,100,20,1,132.672,136.587,129.12,141.341,202.711,22.4919,3.24,0.164671,,0,60299.1,99010048,171966464,472598,,64,dsa_block|B8|N8192
dsablock-full,dsa_block,block_fixed_context,deepgemm_fp8_paged_mqa+flashmla_fp8_sparse_decode,78b69000794d0937b47ae3387eff7663410264d1|ba89a3466e9470ad08ab39738d4e7bb66989e1e7,fp8_e4m3,8,8192,128,64,2048,0,indexer_score,cudagraph,cuda_event_grouped_6,ok,,100,20,6,9.92,9.92037,9.83467,9.97333,10.0167,0.0377067,0.0439997,0.00380093,,0,806452,80427008,121634816,,,64,dsa_block|B8|N8192
dsablock-full,dsa_block,block_fixed_context,deepgemm_fp8_paged_mqa+flashmla_fp8_sparse_decode,78b69000794d0937b47ae3387eff7663410264d1|ba89a3466e9470ad08ab39738d4e7bb66989e1e7,fp8_e4m3,8,8192,128,64,2048,0,indexer_select,cudagraph,cuda_event_per_iter,ok,,100,20,1,54.544,54.5686,54.24,54.912,55.1072,0.186138,0.199998,0.00341108,,0,146671,80427008,123731968,,,64,dsa_block|B8|N8192
dsablock-full,dsa_block,block_fixed_context,deepgemm_fp8_paged_mqa+flashmla_fp8_sparse_decode,78b69000794d0937b47ae3387eff7663410264d1|ba89a3466e9470ad08ab39738d4e7bb66989e1e7,fp8_e4m3,8,8192,128,64,2048,0,index_map,cudagraph,cuda_event_grouped_14,ok,,100,20,14,3.14286,3.15854,3.10171,3.27589,3.46681,0.0851712,0.0280002,0.0269654,,0,2.54545e+06,80427008,123731968,,,64,dsa_block|B8|N8192
dsablock-full,dsa_block,block_fixed_context,deepgemm_fp8_paged_mqa+flashmla_fp8_sparse_decode,78b69000794d0937b47ae3387eff7663410264d1|ba89a3466e9470ad08ab39738d4e7bb66989e1e7,fp8_e4m3,8,8192,128,64,2048,0,sparse_mla_attend,cudagraph,cuda_event_grouped_2,ok,,100,20,2,31.232,31.2552,30.832,31.4408,31.5515,0.218996,0.143999,0.00700671,,0,256148,80427008,142606336,,,64,dsa_block|B8|N8192
dsablock-full,dsa_block,block_fixed_context,deepgemm_fp8_paged_mqa+flashmla_fp8_sparse_decode,78b69000794d0937b47ae3387eff7663410264d1|ba89a3466e9470ad08ab39738d4e7bb66989e1e7,fp8_e4m3,8,8192,128,64,2048,0,dsa_block,cudagraph,cuda_event_per_iter,ok,,100,20,1,103.808,104.296,99.552,108.566,110.957,2.79284,3.808,0.0267779,,0,77065.4,80427008,161480704,472598,,64,dsa_block|B8|N8192
dsablock-full,dsa_block,block_fixed_context,deepgemm_fp8_paged_mqa+flashmla_fp8_sparse_decode,78b69000794d0937b47ae3387eff7663410264d1|ba89a3466e9470ad08ab39738d4e7bb66989e1e7,fp8_e4m3,8,16384,128,64,2048,0,indexer_score,eager,cuda_event_grouped_3,ok,,100,20,3,19.088,19.1629,18.72,19.7355,20.5603,0.419721,0.210666,0.0219028,,0,419111,142563328,266338304,,,64,dsa_block|B8|N16384
dsablock-full,dsa_block,block_fixed_context,deepgemm_fp8_paged_mqa+flashmla_fp8_sparse_decode,78b69000794d0937b47ae3387eff7663410264d1|ba89a3466e9470ad08ab39738d4e7bb66989e1e7,fp8_e4m3,8,16384,128,64,2048,0,indexer_select,eager,cuda_event_per_iter,ok,,100,20,1,108.352,108.336,107.776,108.611,108.77,0.213745,0.240002,0.00197298,,0,73833.4,142234624,266338304,,,64,dsa_block|B8|N16384
dsablock-full,dsa_block,block_fixed_context,deepgemm_fp8_paged_mqa+flashmla_fp8_sparse_decode,78b69000794d0937b47ae3387eff7663410264d1|ba89a3466e9470ad08ab39738d4e7bb66989e1e7,fp8_e4m3,8,16384,128,64,2048,0,index_map,eager,cuda_event_grouped_2,ok,,100,20,2,34.424,34.1126,29.76,36.8696,50.4706,3.14078,3.296,0.0920709,,0,232396,142103552,266338304,,,64,dsa_block|B8|N16384
dsablock-full,dsa_block,block_fixed_context,deepgemm_fp8_paged_mqa+flashmla_fp8_sparse_decode,78b69000794d0937b47ae3387eff7663410264d1|ba89a3466e9470ad08ab39738d4e7bb66989e1e7,fp8_e4m3,8,16384,128,64,2048,0,sparse_mla_attend,eager,cuda_event_grouped_2,ok,,100,20,2,34.632,34.7571,34.288,35.3296,36.1762,0.434337,0.336003,0.0124963,,0,231000,160163328,266338304,,,64,dsa_block|B8|N16384
dsablock-full,dsa_block,block_fixed_context,deepgemm_fp8_paged_mqa+flashmla_fp8_sparse_decode,78b69000794d0937b47ae3387eff7663410264d1|ba89a3466e9470ad08ab39738d4e7bb66989e1e7,fp8_e4m3,8,16384,128,64,2048,0,dsa_block,eager,cuda_event_per_iter,ok,,100,20,1,176.32,177.102,166.944,185.835,193.153,5.16068,6.272,0.0291396,,0,45372.1,160884224,266338304,265848,,64,dsa_block|B8|N16384
dsablock-full,dsa_block,block_fixed_context,deepgemm_fp8_paged_mqa+flashmla_fp8_sparse_decode,78b69000794d0937b47ae3387eff7663410264d1|ba89a3466e9470ad08ab39738d4e7bb66989e1e7,fp8_e4m3,8,16384,128,64,2048,0,indexer_score,cudagraph,cuda_event_grouped_5,ok,,100,20,5,12.048,12.0538,11.8336,12.16,12.2019,0.0768162,0.0720005,0.0063728,,0,664011,142039040,216006656,,,64,dsa_block|B8|N16384
dsablock-full,dsa_block,block_fixed_context,deepgemm_fp8_paged_mqa+flashmla_fp8_sparse_decode,78b69000794d0937b47ae3387eff7663410264d1|ba89a3466e9470ad08ab39738d4e7bb66989e1e7,fp8_e4m3,8,16384,128,64,2048,0,indexer_select,cudagraph,cuda_event_per_iter,ok,,100,20,1,104.64,104.665,104.192,104.963,105.426,0.324312,0.224002,0.00309857,,0,76452.6,142039040,218103808,,,64,dsa_block|B8|N16384
dsablock-full,dsa_block,block_fixed_context,deepgemm_fp8_paged_mqa+flashmla_fp8_sparse_decode,78b69000794d0937b47ae3387eff7663410264d1|ba89a3466e9470ad08ab39738d4e7bb66989e1e7,fp8_e4m3,8,16384,128,64,2048,0,index_map,cudagraph,cuda_event_grouped_13,ok,,100,20,13,3.23692,3.25413,3.18031,3.31582,3.47948,0.117578,0.0320002,0.036132,,0,2.47148e+06,142039040,218103808,,,64,dsa_block|B8|N16384
dsablock-full,dsa_block,block_fixed_context,deepgemm_fp8_paged_mqa+flashmla_fp8_sparse_decode,78b69000794d0937b47ae3387eff7663410264d1|ba89a3466e9470ad08ab39738d4e7bb66989e1e7,fp8_e4m3,8,16384,128,64,2048,0,sparse_mla_attend,cudagraph,cuda_event_grouped_2,ok,,100,20,2,31.472,31.499,31.232,31.632,31.7645,0.253112,0.148001,0.00803554,,0,254194,142039040,236978176,,,64,dsa_block|B8|N16384
dsablock-full,dsa_block,block_fixed_context,deepgemm_fp8_paged_mqa+flashmla_fp8_sparse_decode,78b69000794d0937b47ae3387eff7663410264d1|ba89a3466e9470ad08ab39738d4e7bb66989e1e7,fp8_e4m3,8,16384,128,64,2048,0,dsa_block,cudagraph,cuda_event_per_iter,ok,,100,20,1,156.016,156.265,145.056,162.955,166.287,4.06024,4.8,0.0259831,,0,51276.8,142039040,255852544,265848,,64,dsa_block|B8|N16384
dsablock-full,dsa_block,block_fixed_context,deepgemm_fp8_paged_mqa+flashmla_fp8_sparse_decode,78b69000794d0937b47ae3387eff7663410264d1|ba89a3466e9470ad08ab39738d4e7bb66989e1e7,fp8_e4m3,8,32768,128,64,2048,0,indexer_score,eager,cuda_event_grouped_3,ok,,100,20,3,20.0213,20.149,19.7547,20.9285,22.1154,0.509111,0.208,0.0252673,,0,399574,265132032,402653184,,,64,dsa_block|B8|N32768
dsablock-full,dsa_block,block_fixed_context,deepgemm_fp8_paged_mqa+flashmla_fp8_sparse_decode,78b69000794d0937b47ae3387eff7663410264d1|ba89a3466e9470ad08ab39738d4e7bb66989e1e7,fp8_e4m3,8,32768,128,64,2048,0,indexer_select,eager,cuda_event_per_iter,ok,,100,20,1,79.584,79.6666,78.56,80.4816,81.4109,0.544925,0.655998,0.00684007,,0,100523,264423424,402653184,,,64,dsa_block|B8|N32768
dsablock-full,dsa_block,block_fixed_context,deepgemm_fp8_paged_mqa+flashmla_fp8_sparse_decode,78b69000794d0937b47ae3387eff7663410264d1|ba89a3466e9470ad08ab39738d4e7bb66989e1e7,fp8_e4m3,8,32768,128,64,2048,0,index_map,eager,cuda_event_grouped_2,ok,,100,20,2,31.24,31.3157,30.112,32.432,32.743,0.718977,0.903999,0.022959,,0,256082,264147968,402653184,,,64,dsa_block|B8|N32768
dsablock-full,dsa_block,block_fixed_context,deepgemm_fp8_paged_mqa+flashmla_fp8_sparse_decode,78b69000794d0937b47ae3387eff7663410264d1|ba89a3466e9470ad08ab39738d4e7bb66989e1e7,fp8_e4m3,8,32768,128,64,2048,0,sparse_mla_attend,eager,cuda_event_grouped_2,ok,,100,20,2,34.768,34.8077,34.512,35.0728,35.8744,0.340419,0.176001,0.00978001,,0,230097,282207744,402653184,,,64,dsa_block|B8|N32768
dsablock-full,dsa_block,block_fixed_context,deepgemm_fp8_paged_mqa+flashmla_fp8_sparse_decode,78b69000794d0937b47ae3387eff7663410264d1|ba89a3466e9470ad08ab39738d4e7bb66989e1e7,fp8_e4m3,8,32768,128,64,2048,0,dsa_block,eager,cuda_event_per_iter,ok,,100,20,1,183.184,185.328,180.224,192.358,207.509,8.11849,4.13599,0.0438061,,0,43671.9,283452928,404750336,261617,,64,dsa_block|B8|N32768
dsablock-full,dsa_block,block_fixed_context,deepgemm_fp8_paged_mqa+flashmla_fp8_sparse_decode,78b69000794d0937b47ae3387eff7663410264d1|ba89a3466e9470ad08ab39738d4e7bb66989e1e7,fp8_e4m3,8,32768,128,64,2048,0,indexer_score,cudagraph,cuda_event_grouped_4,ok,,100,20,4,14.848,16.0857,14.648,15.072,16.8838,12.1198,0.122,0.753455,,0,538793,264083456,406847488,,,64,dsa_block|B8|N32768
dsablock-full,dsa_block,block_fixed_context,deepgemm_fp8_paged_mqa+flashmla_fp8_sparse_decode,78b69000794d0937b47ae3387eff7663410264d1|ba89a3466e9470ad08ab39738d4e7bb66989e1e7,fp8_e4m3,8,32768,128,64,2048,0,indexer_select,cudagraph,cuda_event_per_iter,ok,,100,20,1,55.872,55.8496,55.2,56.2576,56.3526,0.261694,0.391999,0.0046857,,0,143184,264083456,408944640,,,64,dsa_block|B8|N32768
dsablock-full,dsa_block,block_fixed_context,deepgemm_fp8_paged_mqa+flashmla_fp8_sparse_decode,78b69000794d0937b47ae3387eff7663410264d1|ba89a3466e9470ad08ab39738d4e7bb66989e1e7,fp8_e4m3,8,32768,128,64,2048,0,index_map,cudagraph,cuda_event_grouped_14,ok,,100,20,14,3.20229,3.21605,3.11314,3.29166,3.68183,0.0870222,0.0251428,0.0270588,,0,2.49822e+06,264083456,408944640,,,64,dsa_block|B8|N32768
dsablock-full,dsa_block,block_fixed_context,deepgemm_fp8_paged_mqa+flashmla_fp8_sparse_decode,78b69000794d0937b47ae3387eff7663410264d1|ba89a3466e9470ad08ab39738d4e7bb66989e1e7,fp8_e4m3,8,32768,128,64,2048,0,sparse_mla_attend,cudagraph,cuda_event_grouped_2,ok,,100,20,2,31.68,31.7126,31.328,31.92,32.0022,0.243598,0.144001,0.00768141,,0,252525,264083456,427819008,,,64,dsa_block|B8|N32768
dsablock-full,dsa_block,block_fixed_context,deepgemm_fp8_paged_mqa+flashmla_fp8_sparse_decode,78b69000794d0937b47ae3387eff7663410264d1|ba89a3466e9470ad08ab39738d4e7bb66989e1e7,fp8_e4m3,8,32768,128,64,2048,0,dsa_block,cudagraph,cuda_event_per_iter,ok,,100,20,1,129.376,129.547,128.096,131.082,133.932,0.983461,0.792004,0.00759156,,0,61835.3,264083456,448790528,261617,,64,dsa_block|B8|N32768
dsablock-full,dsa_block,block_fixed_context,deepgemm_fp8_paged_mqa+flashmla_fp8_sparse_decode,78b69000794d0937b47ae3387eff7663410264d1|ba89a3466e9470ad08ab39738d4e7bb66989e1e7,fp8_e4m3,8,65536,128,64,2048,0,indexer_score,eager,cuda_event_grouped_2,ok,,100,20,2,54.272,54.3542,53.744,54.9648,57.0589,0.557392,0.527999,0.0102548,,0,147406,511711232,773849088,,,64,dsa_block|B8|N65536
dsablock-full,dsa_block,block_fixed_context,deepgemm_fp8_paged_mqa+flashmla_fp8_sparse_decode,78b69000794d0937b47ae3387eff7663410264d1|ba89a3466e9470ad08ab39738d4e7bb66989e1e7,fp8_e4m3,8,65536,128,64,2048,0,indexer_select,eager,cuda_event_per_iter,ok,,100,20,1,88.768,88.9446,87.808,89.6064,95.8461,1.1487,0.743998,0.0129147,,0,90122.6,510087168,773849088,,,64,dsa_block|B8|N65536
dsablock-full,dsa_block,block_fixed_context,deepgemm_fp8_paged_mqa+flashmla_fp8_sparse_decode,78b69000794d0937b47ae3387eff7663410264d1|ba89a3466e9470ad08ab39738d4e7bb66989e1e7,fp8_e4m3,8,65536,128,64,2048,0,index_map,eager,cuda_event_per_iter,ok,,100,20,1,53.568,53.8058,51.136,55.9744,60.463,1.90203,1.704,0.0353499,,0,149343,509875200,773849088,,,64,dsa_block|B8|N65536
dsablock-full,dsa_block,block_fixed_context,deepgemm_fp8_paged_mqa+flashmla_fp8_sparse_decode,78b69000794d0937b47ae3387eff7663410264d1|ba89a3466e9470ad08ab39738d4e7bb66989e1e7,fp8_e4m3,8,65536,128,64,2048,0,sparse_mla_attend,eager,cuda_event_grouped_2,ok,,100,20,2,34.704,34.7707,34.32,35.1232,37.3611,0.47179,0.192001,0.0135686,,0,230521,527738368,773849088,,,64,dsa_block|B8|N65536
dsablock-full,dsa_block,block_fixed_context,deepgemm_fp8_paged_mqa+flashmla_fp8_sparse_decode,78b69000794d0937b47ae3387eff7663410264d1|ba89a3466e9470ad08ab39738d4e7bb66989e1e7,fp8_e4m3,8,65536,128,64,2048,0,dsa_block,eager,cuda_event_per_iter,ok,,100,20,1,218.384,218.982,216.8,221.099,225.08,4.52746,1.112,0.020675,,0,36632.7,530032128,773849088,52760.4,,64,dsa_block|B8|N65536
dsablock-full,dsa_block,block_fixed_context,deepgemm_fp8_paged_mqa+flashmla_fp8_sparse_decode,78b69000794d0937b47ae3387eff7663410264d1|ba89a3466e9470ad08ab39738d4e7bb66989e1e7,fp8_e4m3,8,65536,128,64,2048,0,indexer_score,cudagraph,cuda_event_grouped_2,ok,,100,20,2,48.952,49.0027,48.496,49.7824,50.213,0.331955,0.232002,0.00677421,,0,163425,509614080,796917760,,,64,dsa_block|B8|N65536
dsablock-full,dsa_block,block_fixed_context,deepgemm_fp8_paged_mqa+flashmla_fp8_sparse_decode,78b69000794d0937b47ae3387eff7663410264d1|ba89a3466e9470ad08ab39738d4e7bb66989e1e7,fp8_e4m3,8,65536,128,64,2048,0,indexer_select,cudagraph,cuda_event_per_iter,ok,,100,20,1,63.04,63.1078,62.496,63.5536,63.8125,0.529777,0.479996,0.00839479,,0,126904,509614080,799014912,,,64,dsa_block|B8|N65536
dsablock-full,dsa_block,block_fixed_context,deepgemm_fp8_paged_mqa+flashmla_fp8_sparse_decode,78b69000794d0937b47ae3387eff7663410264d1|ba89a3466e9470ad08ab39738d4e7bb66989e1e7,fp8_e4m3,8,65536,128,64,2048,0,index_map,cudagraph,cuda_event_grouped_4,ok,,100,20,4,16.208,16.2158,16.128,16.3204,16.336,0.0499531,0.0720005,0.00308051,,0,493583,509614080,778043392,,,64,dsa_block|B8|N65536
dsablock-full,dsa_block,block_fixed_context,deepgemm_fp8_paged_mqa+flashmla_fp8_sparse_decode,78b69000794d0937b47ae3387eff7663410264d1|ba89a3466e9470ad08ab39738d4e7bb66989e1e7,fp8_e4m3,8,65536,128,64,2048,0,sparse_mla_attend,cudagraph,cuda_event_grouped_2,ok,,100,20,2,32,32.0582,31.664,32.24,34.2606,0.393883,0.191998,0.0122865,,0,250000,509614080,796917760,,,64,dsa_block|B8|N65536
dsablock-full,dsa_block,block_fixed_context,deepgemm_fp8_paged_mqa+flashmla_fp8_sparse_decode,78b69000794d0937b47ae3387eff7663410264d1|ba89a3466e9470ad08ab39738d4e7bb66989e1e7,fp8_e4m3,8,65536,128,64,2048,0,dsa_block,cudagraph,cuda_event_per_iter,ok,,100,20,1,175.392,175.352,174.048,176.102,177.188,0.592363,0.615995,0.00337813,,0,45612.1,509614080,817889280,52760.4,,64,dsa_block|B8|N65536
dsablock-full,dsa_block,block_fixed_context,deepgemm_fp8_paged_mqa+flashmla_fp8_sparse_decode,78b69000794d0937b47ae3387eff7663410264d1|ba89a3466e9470ad08ab39738d4e7bb66989e1e7,fp8_e4m3,8,131072,128,64,2048,0,indexer_score,eager,cuda_event_per_iter,ok,,100,20,1,98.368,100.285,97.28,113.574,114.728,5.05177,1.144,0.0503739,,0,81327.3,1003427840,1509949440,,,64,dsa_block|B8|N131072
dsablock-full,dsa_block,block_fixed_context,deepgemm_fp8_paged_mqa+flashmla_fp8_sparse_decode,78b69000794d0937b47ae3387eff7663410264d1|ba89a3466e9470ad08ab39738d4e7bb66989e1e7,fp8_e4m3,8,131072,128,64,2048,0,indexer_select,eager,cuda_event_per_iter,ok,,100,20,1,101.568,101.648,100.448,102.435,103.611,0.682052,0.647997,0.00670992,,0,78765,999798784,1509949440,,,64,dsa_block|B8|N131072
dsablock-full,dsa_block,block_fixed_context,deepgemm_fp8_paged_mqa+flashmla_fp8_sparse_decode,78b69000794d0937b47ae3387eff7663410264d1|ba89a3466e9470ad08ab39738d4e7bb66989e1e7,fp8_e4m3,8,131072,128,64,2048,0,index_map,eager,cuda_event_grouped_2,ok,,100,20,2,49.728,49.9885,48.048,52.076,53.1406,1.03372,0.972,0.0206791,,0,160875,999494656,1509949440,,,64,dsa_block|B8|N131072
dsablock-full,dsa_block,block_fixed_context,deepgemm_fp8_paged_mqa+flashmla_fp8_sparse_decode,78b69000794d0937b47ae3387eff7663410264d1|ba89a3466e9470ad08ab39738d4e7bb66989e1e7,fp8_e4m3,8,131072,128,64,2048,0,sparse_mla_attend,eager,cuda_event_grouped_2,ok,,100,20,2,34.928,34.9826,34.624,35.2016,35.955,0.349457,0.167998,0.00998947,,0,229043,1017357824,1509949440,,,64,dsa_block|B8|N131072
dsablock-full,dsa_block,block_fixed_context,deepgemm_fp8_paged_mqa+flashmla_fp8_sparse_decode,78b69000794d0937b47ae3387eff7663410264d1|ba89a3466e9470ad08ab39738d4e7bb66989e1e7,fp8_e4m3,8,131072,128,64,2048,0,dsa_block,eager,cuda_event_per_iter,ok,,100,20,1,269.408,269.668,266.272,272.8,278.671,2.40158,1.69602,0.00890569,,0,29694.7,1021748736,1509949440,24774.8,,64,dsa_block|B8|N131072
dsablock-full,dsa_block,block_fixed_context,deepgemm_fp8_paged_mqa+flashmla_fp8_sparse_decode,78b69000794d0937b47ae3387eff7663410264d1|ba89a3466e9470ad08ab39738d4e7bb66989e1e7,fp8_e4m3,8,131072,128,64,2048,0,indexer_score,cudagraph,cuda_event_per_iter,ok,,100,20,1,90.016,89.7603,87.84,91.2096,91.489,1.05557,1.832,0.0117599,,0,88873.1,999233536,1533018112,,,64,dsa_block|B8|N131072
dsablock-full,dsa_block,block_fixed_context,deepgemm_fp8_paged_mqa+flashmla_fp8_sparse_decode,78b69000794d0937b47ae3387eff7663410264d1|ba89a3466e9470ad08ab39738d4e7bb66989e1e7,fp8_e4m3,8,131072,128,64,2048,0,indexer_select,cudagraph,cuda_event_per_iter,ok,,100,20,1,77.92,77.9114,77.216,78.496,78.5312,0.328732,0.479996,0.00421931,,0,102669,999233536,1535115264,,,64,dsa_block|B8|N131072
dsablock-full,dsa_block,block_fixed_context,deepgemm_fp8_paged_mqa+flashmla_fp8_sparse_decode,78b69000794d0937b47ae3387eff7663410264d1|ba89a3466e9470ad08ab39738d4e7bb66989e1e7,fp8_e4m3,8,131072,128,64,2048,0,index_map,cudagraph,cuda_event_grouped_4,ok,,100,20,4,16.384,16.382,16.256,16.48,16.5537,0.0656986,0.0680005,0.00401041,,0,488281,999233536,1514143744,,,64,dsa_block|B8|N131072
dsablock-full,dsa_block,block_fixed_context,deepgemm_fp8_paged_mqa+flashmla_fp8_sparse_decode,78b69000794d0937b47ae3387eff7663410264d1|ba89a3466e9470ad08ab39738d4e7bb66989e1e7,fp8_e4m3,8,131072,128,64,2048,0,sparse_mla_attend,cudagraph,cuda_event_grouped_2,ok,,100,20,2,31.912,31.924,31.648,32.0808,32.1917,0.213047,0.160001,0.00667356,,0,250689,999233536,1533018112,,,64,dsa_block|B8|N131072
dsablock-full,dsa_block,block_fixed_context,deepgemm_fp8_paged_mqa+flashmla_fp8_sparse_decode,78b69000794d0937b47ae3387eff7663410264d1|ba89a3466e9470ad08ab39738d4e7bb66989e1e7,fp8_e4m3,8,131072,128,64,2048,0,dsa_block,cudagraph,cuda_event_per_iter,ok,,100,20,1,226.912,226.98,225.568,227.907,228.39,0.60816,0.808001,0.00267936,,0,35256,999233536,1572864000,24774.8,,64,dsa_block|B8|N131072
